episode,level,tileset,layer1_cells,layer2_cells,layer1_worst_screen,layer2_worst_screen,both,fits
1,1,Z,1092,1,449,1,450,1
1,2,Z,1185,1,396,1,397,1
1,3,Z,962,1,331,1,332,1
1,4,Z,376,1,260,1,261,1
1,5,Z,429,145,276,99,375,1
1,6,Z,453,118,311,98,409,1
1,7,Z,417,1,309,1,310,1
1,8,Y,1131,656,425,220,645,1
1,9,Z,1211,257,410,202,612,1
1,10,Z,190,1,185,1,186,1
1,11,Z,443,263,318,240,558,1
1,12,Y,976,69,328,50,378,1
1,13,Z,327,1,279,1,280,1
1,14,Z,362,220,296,130,426,1
1,15,Z,1211,257,410,202,612,1
1,16,Z,746,209,360,194,554,1
1,17,Y,1049,656,438,220,658,1
1,18,Z,235,21,207,21,228,1
2,1,X,1372,1,533,1,534,1
2,2,X,284,1176,237,478,715,1
2,3,Z,190,1,185,1,186,1
2,4,Z,1135,1,458,1,459,1
2,5,Z,1,1,1,1,2,1
2,6,X,1298,597,513,325,838,1
2,7,Z,1,1,1,1,2,1
2,8,Z,1,1,1,1,2,1
2,9,Z,1,1,1,1,2,1
2,10,X,1478,1,509,1,510,1
2,11,X,1423,1,592,1,593,1
2,12,X,1315,1,476,1,477,1
3,1,W,902,312,440,167,607,1
3,2,Z,1342,1,440,1,441,1
3,3,Z,601,118,336,98,434,1
3,4,W,307,456,209,255,464,1
3,5,Z,458,434,317,284,601,1
3,6,W,631,1,351,1,352,1
3,7,Z,367,1,212,1,213,1
3,8,Z,1211,257,410,202,612,1
3,9,W,293,293,201,212,413,1
3,10,Y,1131,656,425,220,645,1
3,11,Z,429,145,276,99,375,1
3,12,Z,325,1,279,1,280,1
4,1,Z,289,1,268,1,269,1
4,2,Z,296,1,269,1,270,1
4,3,Y,805,1,419,1,420,1
4,4,),659,1,327,1,328,1
4,5,),355,263,313,208,521,1
4,6,),210,266,180,248,428,1
4,7,),497,1,265,1,266,1
4,8,W,65,399,65,256,321,1
4,9,),361,394,289,261,550,1
4,10,),706,1,522,1,523,1
4,11,W,48,240,48,240,288,1
4,12,),282,388,264,261,525,1
4,13,X,525,264,383,241,624,1
4,14,Z,1,1,1,1,2,1
4,15,),238,300,199,232,431,1
4,16,Z,321,201,289,174,463,1
4,17,),462,21,371,21,392,1
4,18,),1,21,1,21,22,1
4,19,Y,21,224,21,192,213,1
4,20,W,413,202,335,192,527,1
